"Transect_ID","cross_section","WP","stream_width","HR"
1,1.65,3.702740559819,3,0.445615881897125
2,2.02,4.44503109540796,3.3,0.454440015523583
3,2.83,5.0027749732408,4.1,0.565686047271225
